index,model,alpha,MAE,RMSE,observed_rate,kupiec_p,christoffersen_p,basel_zone
ADI,GARCH,0.01,0.6821852849982495,0.9497259458303977,0.011764705882352941,0.82200383244728,0.9519354357448907,green
MASI,GARCH,0.01,0.389562694605871,0.5365085328157186,0.006289308176100629,0.6137566573318469,0.8748176748778436,green
TASI,ARIMA,0.01,0.9492878172994696,1.4869411843455644,0.005988023952095809,0.5733772800521658,0.8482390584067003,green
Tunindex,GARCH,0.01,0.3116633523006357,0.44053084974335294,0.012578616352201259,0.7533693148716483,0.9277411884337637,green
